Rowid,Country,State lgd code,State,Yearcode,Year,Credit to agriculture by scheduled commercial banks,Personal loans by scheduled commercial banks,Credit to industry by scheduled commercial banks,Credit by scheduled commercial banks in india,Distribution of offices of scheduled commercial banks,Deposits of regional rural banks,Credit-deposit ratio of scheduled commercial banks according to place of utilisation,Credit-deposit ratio of regional rural banks,Credit-deposit ratio of scheduled commercial banks according to place of sanction,Deposits by scheduled commercial banks in india,Credit of regional rural banks,Number of branches of regional rural banks
1,India,1,Jammu And Kashmir,2011,"Financial Year (Apr - Mar), 2011",1365.922455474211600,4695.01989506352689697600,2836.57451993421416692300,14965.37591551499198411100,1018.23243974190239578167,1956.25828960980287374000,35.7,35.5,38.1,39320.79162115703776217400,684.69040136343100580900,254.31357764927437358620
2,India,1,Jammu And Kashmir,2012,"Financial Year (Apr - Mar), 2012",1561.054234827670400,5575.33612538793819015900,2934.38743441470431061000,16530.38254720283428310300,1171.79871547627192137026,2249.69703305127330480100,34.1,38.8,33.8,48906.45724024507184350000,880.31623032441129318300,257.24796508368907789681
3,India,1,Jammu And Kashmir,2013,"Financial Year (Apr - Mar), 2013",2731.844910948423200,7042.52984259529034546400,4010.32949370009589116700,21421.02827122734146745300,1334.16815351388555989068,2543.13577649274373586200,37.2,39.6,36.9,58100.87120141114535007800,978.12914480490143687000,260.18235251810378220742
4,India,1,Jammu And Kashmir,2014,"Financial Year (Apr - Mar), 2014",4097.767366422634800,8509.72355980264250076900,5086.27155298548747172400,26116.04816629086836442900,1501.42823727552370559545,2836.57451993421416692300,40.4,43.6,40.1,65143.40104400643569554200,1271.56788824637186793100,267.02925653173809226551
5,India,1,Jammu And Kashmir,2015,"Financial Year (Apr - Mar), 2015",5170.992152866658200,10368.16893493195523082200,5868.77486882940862122000,30419.81640343243468665700,1598.26302261120894784558,3032.20034889519445429700,42.5,45.2,42.2,72088.11797212123589731900,1369.38080272686201161800,268.98551482134789513925
6,India,1,Jammu And Kashmir,2016,"Financial Year (Apr - Mar), 2016",5366.123932220117000,13009.11762590518911037100,6162.21361227087905228100,34625.77172609351086519800,1668.68832103716185130022,3531.04621274569418710070,44.7,47.9,44.2,78543.77032783358538066100,1692.16342051247948578510,318.87010120639786841962
7,India,1,Jammu And Kashmir,2017,"Financial Year (Apr - Mar), 2017",5463.689821896846400,14476.31134311254126567600,6162.21361227087905228100,36380.53541187350404294278,1702.92284110533340159067,3941.86045356375279058610,40.4,42.4,39.8,91304.44315095832952606702,1672.60083761638145704770,320.82635949600767129336
8,India,1,Jammu And Kashmir,2018,"Financial Year (Apr - Mar), 2018",6146.651049633952200,18584.45375129312730053000,7727.22024395872135127300,43624.55985829860408440200,1744.00426518713926193921,4499.39406610254660960200,43.6,43.5,42.9,101725.43105970974943448000,1956.25828960980287374000,352.12649212976451727320
9,India,1,Jammu And Kashmir,2019,"Financial Year (Apr - Mar), 2019",6725.216775416957542,24209.67446306611546396937,8638.83660691688949043584,53094.80623829965979617734,1789.97633499296962947210,4754.68577289662588462507,46.0,47.6,45.5,115538.57084264456752595814,2264.36897022334682635405,335.49829666808119284641
10,India,1,Jammu And Kashmir,2020,"Financial Year (Apr - Mar), 2020",7240,28313,9538,59202,1767,5190,46.2,50.6,45.8,128026,2626,337
11,India,1,Jammu And Kashmir,2021,"Financial Year (Apr - Mar), 2021",9039,34569,,69908,1800,5668,48.9,54.4,48.5,142897,3084,345
12,India,2,Himachal Pradesh,2011,"Financial Year (Apr - Mar), 2011",2400,3900,5800,13500,1077,1600,48.6,42.6,41.6,32400,700,156
13,India,2,Himachal Pradesh,2012,"Financial Year (Apr - Mar), 2012",2800,4100,5700,14800,1164,1900,45.0,42.8,38.9,38000,800,160
14,India,2,Himachal Pradesh,2013,"Financial Year (Apr - Mar), 2013",3300,4400,6300,15800,1264,2100,41.6,43.4,35.1,45000,900,187
15,India,2,Himachal Pradesh,2014,"Financial Year (Apr - Mar), 2014",4100,5700,5000,18600,1386,2500,37.8,39.3,35.8,52000,1000,188
16,India,2,Himachal Pradesh,2015,"Financial Year (Apr - Mar), 2015",4500,6000,5300,21100,1466,3000,36.6,33.3,35.3,59900,1000,188
17,India,2,Himachal Pradesh,2016,"Financial Year (Apr - Mar), 2016",5900,6400,4700,21800,1510,3260,33.6,35.9,32.9,66300,1170,188
18,India,2,Himachal Pradesh,2017,"Financial Year (Apr - Mar), 2017",5700,7900,4400,23339,1542,3970,31.1,32.5,29.7,78523,1290,186
19,India,2,Himachal Pradesh,2018,"Financial Year (Apr - Mar), 2018",5800,9500,4600,26400,1531,4300,31.8,32.6,31.1,84900,1400,187
20,India,2,Himachal Pradesh,2019,"Financial Year (Apr - Mar), 2019",6560,11112,4641,30332,1635,5098,31.8,36.3,30.8,95529,1848,269
21,India,2,Himachal Pradesh,2020,"Financial Year (Apr - Mar), 2020",6525,12446,5034,32327,1652,5811,31.2,36.4,30.2,103545,2117,270
22,India,2,Himachal Pradesh,2021,"Financial Year (Apr - Mar), 2021",6879,14569,5748,35899,1683,6478,32.0,37.7,30.9,112344,2443,270
23,India,3,Punjab,2011,"Financial Year (Apr - Mar), 2011",26300,17900,64400,119000,3895,3000,92.9,69.4,77.8,152800,2100,251
24,India,3,Punjab,2012,"Financial Year (Apr - Mar), 2012",31200,18600,56500,139900,4346,3500,83.2,74.8,80.9,172900,2600,277
25,India,3,Punjab,2013,"Financial Year (Apr - Mar), 2013",36700,20500,64700,163000,4854,3900,78.9,79.9,81.6,199800,3100,300
26,India,3,Punjab,2014,"Financial Year (Apr - Mar), 2014",50000,26700,66500,182000,5547,4500,81.3,82.2,79.1,230000,3700,311
27,India,3,Punjab,2015,"Financial Year (Apr - Mar), 2015",57200,28500,70900,196600,6024,5200,76.8,86.5,75.1,262000,4500,367
28,India,3,Punjab,2016,"Financial Year (Apr - Mar), 2016",62000,31200,67700,202400,6168,6070,71.7,86.3,69.8,290100,5240,387
29,India,3,Punjab,2017,"Financial Year (Apr - Mar), 2017",66400,35600,65100,228314,6366,7200,71.2,81.3,69.0,330956,5850,403
30,India,3,Punjab,2018,"Financial Year (Apr - Mar), 2018",71100,42900,70600,220900,6474,7300,68.3,87.7,63.5,347800,6400,422
31,India,3,Punjab,2019,"Financial Year (Apr - Mar), 2019",69234,48503,61008,236211,6614,8156,62.2,82.2,60.3,379577,6702,421
32,India,3,Punjab,2020,"Financial Year (Apr - Mar), 2020",67532,56495,58150,244057,6735,8860,59.4,77.3,57.1,410987,6846,426
33,India,3,Punjab,2021,"Financial Year (Apr - Mar), 2021",66375,64554,61886,263532,6700,10133,57.4,75.3,55.0,459027,7627,429
34,India,4,Chandigarh,2011,"Financial Year (Apr - Mar), 2011",6600,5000,17500,46200,337,,119.8,,121.6,38000,,
35,India,4,Chandigarh,2012,"Financial Year (Apr - Mar), 2012",4400,5800,23000,45500,363,,114.5,,115.5,39400,,
36,India,4,Chandigarh,2013,"Financial Year (Apr - Mar), 2013",4800,6000,29600,57900,383,,123.1,,127.5,45400,,
37,India,4,Chandigarh,2014,"Financial Year (Apr - Mar), 2014",3700,6300,33100,57900,408,,122.4,,120.0,48300,,
38,India,4,Chandigarh,2015,"Financial Year (Apr - Mar), 2015",2500,7600,36300,58700,439,,110.2,,105.9,55400,,
39,India,4,Chandigarh,2016,"Financial Year (Apr - Mar), 2016",2500,8000,32000,54400,433,,100.0,,97.8,55600,,
40,India,4,Chandigarh,2017,"Financial Year (Apr - Mar), 2017",2100,9100,33800,60025,444,,103.5,,100.7,59618,,
41,India,4,Chandigarh,2018,"Financial Year (Apr - Mar), 2018",2500,10300,34900,69700,441,,115.4,,112.5,61900,,
42,India,4,Chandigarh,2019,"Financial Year (Apr - Mar), 2019",3755,11386,36896,77956,442,,114.1,,111.4,68300,,
43,India,4,Chandigarh,2020,"Financial Year (Apr - Mar), 2020",2840,13326,36404,78002,454,,107.5,,108.5,72552,,
44,India,4,Chandigarh,2021,"Financial Year (Apr - Mar), 2021",1414,14834,30877,80793,442,,99.4,,96.1,81320,,
45,India,5,Uttarakhand,2011,"Financial Year (Apr - Mar), 2011",3600,5500,5500,17200,1278,1600,39.1,55.5,35.4,48700,900,190
46,India,5,Uttarakhand,2012,"Financial Year (Apr - Mar), 2012",4200,6100,6800,20100,1450,1800,39.0,55.1,35.6,56400,1000,214
47,India,5,Uttarakhand,2013,"Financial Year (Apr - Mar), 2013",4800,7200,7200,23000,1586,2200,37.3,57.6,34.8,65900,1200,231
48,India,5,Uttarakhand,2014,"Financial Year (Apr - Mar), 2014",6400,8600,6800,27100,1739,2500,36.7,61.3,35.6,76000,1500,243
49,India,5,Uttarakhand,2015,"Financial Year (Apr - Mar), 2015",6800,9700,7000,30600,1903,2900,35.2,62.1,34.5,88600,1800,262
50,India,5,Uttarakhand,2016,"Financial Year (Apr - Mar), 2016",7300,11600,6900,33700,1978,3210,35.8,60.7,34.9,96500,1950,288
51,India,5,Uttarakhand,2017,"Financial Year (Apr - Mar), 2017",8000,13500,8800,39094,2029,4010,35.3,49.6,34.3,114114,1990,292
52,India,5,Uttarakhand,2018,"Financial Year (Apr - Mar), 2018",8200,16700,9900,44600,2049,4400,37.8,47.7,36.4,122500,2100,292
53,India,5,Uttarakhand,2019,"Financial Year (Apr - Mar), 2019",8639,19563,11596,53036,2126,4992,38.7,49.2,37.6,137040,2458,287
54,India,5,Uttarakhand,2020,"Financial Year (Apr - Mar), 2020",8493,22591,12309,56551,2194,5482,37.8,44.5,36.5,149549,2438,287
55,India,5,Uttarakhand,2021,"Financial Year (Apr - Mar), 2021",8216,25461,12779,60740,2220,6024,36.7,43.3,35.3,165333,2608,287
56,India,6,Haryana,2011,"Financial Year (Apr - Mar), 2011",19400,20600,38700,92800,2690,7400,85.6,69.0,71.7,129400,5100,416
57,India,6,Haryana,2012,"Financial Year (Apr - Mar), 2012",23100,19500,51800,115800,3022,7000,94.5,69.4,79.4,145800,4900,446
58,India,6,Haryana,2013,"Financial Year (Apr - Mar), 2013",25800,23100,57200,129700,3412,8500,86.0,65.4,76.5,169400,5500,508
59,India,6,Haryana,2014,"Financial Year (Apr - Mar), 2014",33200,31800,59200,150900,3962,8700,88.5,66.8,78.1,193300,5800,542
60,India,6,Haryana,2015,"Financial Year (Apr - Mar), 2015",34800,37600,65000,168900,4407,9000,85.2,70.0,75.8,222700,6300,597
61,India,6,Haryana,2016,"Financial Year (Apr - Mar), 2016",39500,42000,63400,176500,4567,9900,82.6,71.3,69.9,252600,6990,610
62,India,6,Haryana,2017,"Financial Year (Apr - Mar), 2017",43600,49700,68100,183071,4762,11840,69.1,64.8,59.1,309629,7670,642
63,India,6,Haryana,2018,"Financial Year (Apr - Mar), 2018",47900,61900,67200,214900,4842,13500,67.6,65.2,58.6,366400,8800,664
64,India,6,Haryana,2019,"Financial Year (Apr - Mar), 2019",50376,70184,74907,278875,5008,14548,68.0,65.5,61.1,409974,9524,666
65,India,6,Haryana,2020,"Financial Year (Apr - Mar), 2020",50436,83109,83374,308058,5224,16189,64.8,62.7,54.8,475352,10152,666
66,India,6,Haryana,2021,"Financial Year (Apr - Mar), 2021",51275,94627,85225,321936,5225,17652,59.8,60.6,53.4,538565,10696,666
67,India,7,Delhi,2011,"Financial Year (Apr - Mar), 2011",20300,50100,225100,552000,2629,,80.8,,86.8,635900,,
68,India,7,Delhi,2012,"Financial Year (Apr - Mar), 2012",19800,58000,322100,653700,2876,,93.8,,95.6,684100,,
69,India,7,Delhi,2013,"Financial Year (Apr - Mar), 2013",16300,58000,391800,734600,3045,,94.9,,97.7,752200,,
70,India,7,Delhi,2014,"Financial Year (Apr - Mar), 2014",27900,73100,493100,844400,3255,,105.1,,103.7,814700,,
71,India,7,Delhi,2015,"Financial Year (Apr - Mar), 2015",20500,66100,515400,907300,3447,,105.0,,102.6,884400,,
72,India,7,Delhi,2016,"Financial Year (Apr - Mar), 2016",24600,78600,565300,970500,3511,,102.9,,100.4,967000,,
73,India,7,Delhi,2017,"Financial Year (Apr - Mar), 2017",20400,84600,562300,965047,3615,,91.9,,88.3,1092455,,
74,India,7,Delhi,2018,"Financial Year (Apr - Mar), 2018",33400,99300,594600,1077000,3613,,96.3,,94.1,1144600,,
75,India,7,Delhi,2019,"Financial Year (Apr - Mar), 2019",35522,100540,671544,1314165,3716,,108.6,,107.4,1210108,0,
76,India,7,Delhi,2020,"Financial Year (Apr - Mar), 2020",30271,116885,669143,1370412,3825,,110.7,,110.2,1238245,0,
77,India,7,Delhi,2021,"Financial Year (Apr - Mar), 2021",24771,123903,618927,1353058,3747,,96.6,,93.9,1400864,0,
78,India,8,Rajasthan,2011,"Financial Year (Apr - Mar), 2011",26800,20800,49500,115700,4507,9800,95.8,71.8,90.4,128000,7100,1049
79,India,8,Rajasthan,2012,"Financial Year (Apr - Mar), 2012",33200,22700,56400,136900,4936,11400,96.1,72.3,90.9,150600,8200,1100
80,India,8,Rajasthan,2013,"Financial Year (Apr - Mar), 2013",41200,27400,74200,163200,5359,12400,102.9,74.7,92.6,176300,9300,1159
81,India,8,Rajasthan,2014,"Financial Year (Apr - Mar), 2014",50800,31800,67000,175300,5907,13600,91.4,75.9,87.1,201300,10300,1198
82,India,8,Rajasthan,2015,"Financial Year (Apr - Mar), 2015",56400,38000,76100,203000,6426,15300,90.1,77.1,86.2,235500,11800,1324
83,India,8,Rajasthan,2016,"Financial Year (Apr - Mar), 2016",66000,47500,39900,187500,6805,17000,76.3,79.0,72.4,258900,13600,1403
84,India,8,Rajasthan,2017,"Financial Year (Apr - Mar), 2017",75900,56900,42200,212779,7011,21300,71.6,71.4,67.8,313673,15210,1489
85,India,8,Rajasthan,2018,"Financial Year (Apr - Mar), 2018",84200,70500,49000,255700,7184,22900,80.7,75.5,76.6,334000,17300,1551
86,India,8,Rajasthan,2019,"Financial Year (Apr - Mar), 2019",93432,84627,57643,325240,7391,26238,85.8,75.4,81.4,379008,19781,1575
87,India,8,Rajasthan,2020,"Financial Year (Apr - Mar), 2020",97719,100363,59655,352425,7775,29870,83.9,72.1,79.6,420150,21528,1579
88,India,8,Rajasthan,2021,"Financial Year (Apr - Mar), 2021",104797,114845,69401,388631,7871,34388,81.9,73.4,77.9,474438,25229,1588
89,India,9,Uttar Pradesh,2011,"Financial Year (Apr - Mar), 2011",43600,34100,54100,163300,11040,35400,48.2,46.5,44.0,371500,16400,3092
90,India,9,Uttar Pradesh,2012,"Financial Year (Apr - Mar), 2012",53300,37300,64800,189700,12096,39200,47.4,51.9,44.0,431000,20400,3171
91,India,9,Uttar Pradesh,2013,"Financial Year (Apr - Mar), 2013",64500,46300,85100,225200,13092,44300,53.0,52.5,44.1,511100,23300,3396
92,India,9,Uttar Pradesh,2014,"Financial Year (Apr - Mar), 2014",82300,54900,89000,266600,14694,48900,48.0,57.3,44.6,597700,28000,3604
93,India,9,Uttar Pradesh,2015,"Financial Year (Apr - Mar), 2015",93200,64900,102800,305500,15773,55100,48.9,58.4,45.4,672500,32200,3828
94,India,9,Uttar Pradesh,2016,"Financial Year (Apr - Mar), 2016",107700,78300,96100,330900,16264,62700,49.6,59.6,44.6,742200,37480,4005
95,India,9,Uttar Pradesh,2017,"Financial Year (Apr - Mar), 2017",122300,90600,82800,354027,16774,75610,43.0,55.2,40.0,885163,41700,4188
96,India,9,Uttar Pradesh,2018,"Financial Year (Apr - Mar), 2018",124100,113000,79600,392700,17022,81900,43.9,54.6,41.2,953600,44700,4304
97,India,9,Uttar Pradesh,2019,"Financial Year (Apr - Mar), 2019",139491,130377,84801,470245,17462,86646,45.2,58.8,42.7,1041507,50907,4323
98,India,9,Uttar Pradesh,2020,"Financial Year (Apr - Mar), 2020",146162,152681,91950,507550,18041,93839,44.3,56.1,41.5,1144902,52614,4330
99,India,9,Uttar Pradesh,2021,"Financial Year (Apr - Mar), 2021",159257,176301,102032,565113,18125,102629,44.2,56.1,41.5,1277878,57590,4360
100,India,10,Bihar,2011,"Financial Year (Apr - Mar), 2011",12200,11700,4600,35200,4323,13700,31.6,43.5,29.5,119200,6000,1521
101,India,10,Bihar,2012,"Financial Year (Apr - Mar), 2012",15400,13500,4900,41400,4650,15100,31.7,46.7,29.7,139300,7000,1537
102,India,10,Bihar,2013,"Financial Year (Apr - Mar), 2013",20600,15600,7300,49800,4990,16000,35.0,49.1,30.5,163500,7900,1555
103,India,10,Bihar,2014,"Financial Year (Apr - Mar), 2014",25500,17500,7800,62500,5696,18400,34.8,54.4,32.8,190400,10000,1672
104,India,10,Bihar,2015,"Financial Year (Apr - Mar), 2015",28200,18500,8800,72900,6210,21200,34.3,55.2,33.6,216800,11700,1950
105,India,10,Bihar,2016,"Financial Year (Apr - Mar), 2016",30100,22200,9700,81200,6445,24370,34.5,50.7,33.4,243000,13220,2056
106,India,10,Bihar,2017,"Financial Year (Apr - Mar), 2017",34400,26300,9500,91294,6602,28990,32.0,50.4,30.9,295173,14620,2097
107,India,10,Bihar,2018,"Financial Year (Apr - Mar), 2018",35600,31300,12400,101200,6711,30900,34.0,52.1,32.2,314800,16100,2117
108,India,10,Bihar,2019,"Financial Year (Apr - Mar), 2019",39598,37853,14656,124996,6917,33898,35.4,52.2,34.7,353169,17686,2104
109,India,10,Bihar,2020,"Financial Year (Apr - Mar), 2020",43460,44537,14131,139590,7463,36589,37.2,51.6,36.1,375707,18883,2124
110,India,10,Bihar,2021,"Financial Year (Apr - Mar), 2021",49605,53366,18683,163964,7584,36671,41.2,55.6,40.1,397492,20390,2124
111,India,11,Sikkim,2011,"Financial Year (Apr - Mar), 2011",0,700,1000,1200,82,,62.4,,37.9,3300,,
112,India,11,Sikkim,2012,"Financial Year (Apr - Mar), 2012",0,700,1100,1300,89,,57.9,,33.1,4000,,
113,India,11,Sikkim,2013,"Financial Year (Apr - Mar), 2013",100,800,600,1300,98,,37.5,,27.2,4900,,
114,India,11,Sikkim,2014,"Financial Year (Apr - Mar), 2014",100,800,700,1400,113,,37.3,,26.5,5200,,
115,India,11,Sikkim,2015,"Financial Year (Apr - Mar), 2015",100,800,800,1500,122,,37.0,,25.6,5700,,
116,India,11,Sikkim,2016,"Financial Year (Apr - Mar), 2016",100,1000,500,1700,128,,35.2,,28.0,6300,,
117,India,11,Sikkim,2017,"Financial Year (Apr - Mar), 2017",100,1100,400,1905,131,,31.6,,27.4,6954,,
118,India,11,Sikkim,2018,"Financial Year (Apr - Mar), 2018",100,1400,400,2300,137,,29.7,,26.6,8500,,
119,India,11,Sikkim,2019,"Financial Year (Apr - Mar), 2019",140,1541,348,2921,143,,30.3,,28.4,9632,,
120,India,11,Sikkim,2020,"Financial Year (Apr - Mar), 2020",154,1844,186,3216,162,,31.7,,31.2,10130,,
121,India,11,Sikkim,2021,"Financial Year (Apr - Mar), 2021",169,2232,209,3847,164,,36.3,,35.8,10604,,
122,India,12,Arunachal Pradesh,2011,"Financial Year (Apr - Mar), 2011",100,700,400,1200,86,200,27.4,21.5,23.7,5200,,18
123,India,12,Arunachal Pradesh,2012,"Financial Year (Apr - Mar), 2012",100,800,300,1400,96,200,28.4,17.1,23.9,5800,,18
124,India,12,Arunachal Pradesh,2013,"Financial Year (Apr - Mar), 2013",100,900,1300,1500,106,200,38.4,21.6,21.8,7000,0,18
125,India,12,Arunachal Pradesh,2014,"Financial Year (Apr - Mar), 2014",100,1000,200,1800,128,300,24.8,18.0,23.7,7500,100,21
126,India,12,Arunachal Pradesh,2015,"Financial Year (Apr - Mar), 2015",200,1200,300,2200,135,400,29.1,25.0,26.8,8000,100,28
127,India,12,Arunachal Pradesh,2016,"Financial Year (Apr - Mar), 2016",100,1400,200,2500,143,450,29.1,26.7,29.0,8700,120,29
128,India,12,Arunachal Pradesh,2017,"Financial Year (Apr - Mar), 2017",200,1700,300,2843,151,570,25.1,24.6,24.0,11866,140,29
129,India,12,Arunachal Pradesh,2018,"Financial Year (Apr - Mar), 2018",400,2300,400,3400,153,600,30.3,33.3,25.0,13400,200,30
130,India,12,Arunachal Pradesh,2019,"Financial Year (Apr - Mar), 2019",182,2473,286,3869,155,656,23.2,30.1,23.0,16659,198,30
131,India,12,Arunachal Pradesh,2020,"Financial Year (Apr - Mar), 2020",241,2900,269,4338,164,730,25.3,22.1,24.9,17171,162,31
132,India,12,Arunachal Pradesh,2021,"Financial Year (Apr - Mar), 2021",248,3678,477,5897,169,837,30.2,23.9,25.2,19525,200,32
133,India,13,Nagaland,2011,"Financial Year (Apr - Mar), 2011",100,800,200,1400,95,0,27.5,26.2,26.1,5200,,8
134,India,13,Nagaland,2012,"Financial Year (Apr - Mar), 2012",200,900,300,1600,108,100,47.6,28.0,27.2,5700,,9
135,India,13,Nagaland,2013,"Financial Year (Apr - Mar), 2013",400,1100,400,1800,124,100,33.5,30.0,28.4,6300,,9
136,India,13,Nagaland,2014,"Financial Year (Apr - Mar), 2014",200,1200,400,2000,141,100,32.5,33.6,31.0,6500,,10
137,India,13,Nagaland,2015,"Financial Year (Apr - Mar), 2015",200,1400,400,2300,145,100,34.1,0.0,32.7,6900,,10
138,India,13,Nagaland,2016,"Financial Year (Apr - Mar), 2016",200,1600,300,2600,150,67,34.7,32.8,34.1,7700,22,10
139,India,13,Nagaland,2017,"Financial Year (Apr - Mar), 2017",300,1900,400,2970,157,90,33.1,22.2,31.5,9422,20,10
140,India,13,Nagaland,2018,"Financial Year (Apr - Mar), 2018",300,2300,400,3500,160,100,34.8,0.0,34.7,10000,,10
141,India,13,Nagaland,2019,"Financial Year (Apr - Mar), 2019",255,2757,344,3991,164,101,35.7,29.4,35.4,11183,30,11
142,India,13,Nagaland,2020,"Financial Year (Apr - Mar), 2020",249,3380,342,4644,176,114,37.9,29.8,37.5,12242,34,11
143,India,13,Nagaland,2021,"Financial Year (Apr - Mar), 2021",281,4235,1855,7208,180,117,57.3,28.2,43.2,12579,33,11
144,India,14,Manipur,2011,"Financial Year (Apr - Mar), 2011",200,700,100,1200,83,100,36.6,34.7,34.8,3400,,27
145,India,14,Manipur,2012,"Financial Year (Apr - Mar), 2012",300,700,100,1300,94,100,33.2,27.1,31.3,4100,,27
146,India,14,Manipur,2013,"Financial Year (Apr - Mar), 2013",300,800,200,1500,111,100,30.2,34.6,28.6,5100,0,27
147,India,14,Manipur,2014,"Financial Year (Apr - Mar), 2014",400,900,200,1700,134,100,34.0,38.5,33.6,5100,100,27
148,India,14,Manipur,2015,"Financial Year (Apr - Mar), 2015",300,1100,200,1900,138,200,34.5,50.0,34.0,5700,100,21
149,India,14,Manipur,2016,"Financial Year (Apr - Mar), 2016",400,1500,100,2400,150,215,42.3,41.9,41.1,6000,90,21
150,India,14,Manipur,2017,"Financial Year (Apr - Mar), 2017",500,1900,200,3005,159,280,39.7,39.3,38.7,7774,110,21
151,India,14,Manipur,2018,"Financial Year (Apr - Mar), 2018",500,2700,200,4000,176,300,45.1,33.3,44.6,9000,100,23
152,India,14,Manipur,2019,"Financial Year (Apr - Mar), 2019",478,3306,280,4946,192,315,49.8,44.4,49.4,9927,140,28
153,India,14,Manipur,2020,"Financial Year (Apr - Mar), 2020",520,4292,345,6129,203,316,59.1,51.7,57.2,10369,163,27
154,India,14,Manipur,2021,"Financial Year (Apr - Mar), 2021",470,5262,429,7405,210,381,60.1,49.7,57.7,12323,190,27
155,India,15,Mizoram,2011,"Financial Year (Apr - Mar), 2011",200,800,100,1200,100,400,49.8,54.0,46.0,2500,200,59
156,India,15,Mizoram,2012,"Financial Year (Apr - Mar), 2012",200,900,100,1300,111,900,41.9,41.7,38.9,3400,400,58
157,India,15,Mizoram,2013,"Financial Year (Apr - Mar), 2013",300,900,200,1500,122,1000,38.7,44.7,35.3,4100,500,59
158,India,15,Mizoram,2014,"Financial Year (Apr - Mar), 2014",300,1100,100,1800,141,1000,40.5,50.2,37.8,4700,500,58
159,India,15,Mizoram,2015,"Financial Year (Apr - Mar), 2015",400,1200,100,2000,151,1400,39.9,50.0,37.8,5300,700,64
160,India,15,Mizoram,2016,"Financial Year (Apr - Mar), 2016",300,1500,100,2300,167,1520,41.7,56.6,40.1,5900,860,80
161,India,15,Mizoram,2017,"Financial Year (Apr - Mar), 2017",300,1700,100,2607,186,1820,37.8,52.2,36.4,7166,950,85
162,India,15,Mizoram,2018,"Financial Year (Apr - Mar), 2018",400,1900,300,3000,190,2100,38.2,52.4,35.8,8500,1100,86
163,India,15,Mizoram,2019,"Financial Year (Apr - Mar), 2019",405,2106,547,3837,192,2600,41.5,47.4,36.8,9255,1231,86
164,India,15,Mizoram,2020,"Financial Year (Apr - Mar), 2020",397,2671,275,4174,203,3478,36.8,44.2,36.1,11332,1536,88
165,India,15,Mizoram,2021,"Financial Year (Apr - Mar), 2021",475,3229,408,5063,210,4155,42.2,49.3,42.0,12000,2050,92
166,India,16,Tripura,2011,"Financial Year (Apr - Mar), 2011",400,1200,300,2800,247,2300,33.2,44.0,32.2,8600,1000,113
167,India,16,Tripura,2012,"Financial Year (Apr - Mar), 2012",500,1400,300,3300,271,2800,31.7,42.4,31.3,10400,1200,113
168,India,16,Tripura,2013,"Financial Year (Apr - Mar), 2013",700,1800,400,3900,301,3000,35.7,44.4,32.8,11800,1300,114
169,India,16,Tripura,2014,"Financial Year (Apr - Mar), 2014",800,1800,400,4400,354,3600,32.5,40.7,32.4,13500,1500,125
170,India,16,Tripura,2015,"Financial Year (Apr - Mar), 2015",800,2200,600,5200,379,4100,34.0,39.0,33.7,15500,1600,128
171,India,16,Tripura,2016,"Financial Year (Apr - Mar), 2016",1700,2300,400,6100,424,4790,35.9,38.5,35.3,17300,1844,137
172,India,16,Tripura,2017,"Financial Year (Apr - Mar), 2017",1900,2400,1400,7354,442,5380,36.5,37.0,35.9,20481,1990,144
173,India,16,Tripura,2018,"Financial Year (Apr - Mar), 2018",2200,2900,1400,9000,455,5900,41.4,40.7,40.7,22000,2400,144
174,India,16,Tripura,2019,"Financial Year (Apr - Mar), 2019",3001,3617,1107,10463,463,6692,42.1,38.5,41.7,24880,2576,149
175,India,16,Tripura,2020,"Financial Year (Apr - Mar), 2020",2835,4248,883,11346,565,7190,42.8,38.2,42.5,26487,2747,149
176,India,16,Tripura,2021,"Financial Year (Apr - Mar), 2021",2483,4873,907,12093,579,7567,42.6,35.7,42.1,28400,2705,149
177,India,17,Meghalaya,2011,"Financial Year (Apr - Mar), 2011",200,1000,900,2300,221,700,29.6,31.9,24.4,9600,200,55
178,India,17,Meghalaya,2012,"Financial Year (Apr - Mar), 2012",300,1100,1000,2900,237,800,28.2,34.4,25.8,11100,300,55
179,India,17,Meghalaya,2013,"Financial Year (Apr - Mar), 2013",300,1200,1200,3300,256,1000,24.6,37.9,24.0,13700,400,55
180,India,17,Meghalaya,2014,"Financial Year (Apr - Mar), 2014",700,1300,1400,4000,286,1000,28.6,45.9,27.4,14600,400,55
181,India,17,Meghalaya,2015,"Financial Year (Apr - Mar), 2015",500,1800,1200,4300,294,1100,26.9,54.5,25.9,16600,600,62
182,India,17,Meghalaya,2016,"Financial Year (Apr - Mar), 2016",900,1900,800,4400,319,1240,25.2,50.0,24.8,18100,620,79
183,India,17,Meghalaya,2017,"Financial Year (Apr - Mar), 2017",700,2500,900,5290,338,1800,26.3,36.7,25.9,20450,660,91
184,India,17,Meghalaya,2018,"Financial Year (Apr - Mar), 2018",800,3100,1100,5800,343,1800,30.8,38.9,27.2,21500,700,93
185,India,17,Meghalaya,2019,"Financial Year (Apr - Mar), 2019",1230,3552,1148,7448,346,2136,31.0,32.8,26.9,24063,701,94
186,India,17,Meghalaya,2020,"Financial Year (Apr - Mar), 2020",572,4318,2175,8435,364,2252,35.5,33.6,35.3,23756,756,93
187,India,17,Meghalaya,2021,"Financial Year (Apr - Mar), 2021",561,5056,1848,9785,367,2678,37.9,31.4,37.6,25821,842,93
188,India,18,Assam,2011,"Financial Year (Apr - Mar), 2011",2900,9100,4100,21400,1546,4700,38.9,48.0,36.5,58500,2200,409
189,India,18,Assam,2012,"Financial Year (Apr - Mar), 2012",4000,10400,5300,25100,1639,5200,40.3,53.7,37.7,66600,2800,407
190,India,18,Assam,2013,"Financial Year (Apr - Mar), 2013",5400,9700,6100,28500,1749,5800,37.2,56.4,37.2,76700,3300,408
191,India,18,Assam,2014,"Financial Year (Apr - Mar), 2014",6300,12800,6200,31600,1945,6800,39.9,55.8,37.7,83800,3800,408
192,India,18,Assam,2015,"Financial Year (Apr - Mar), 2015",7400,13200,6600,35700,2103,7900,37.2,53.2,36.7,97400,4200,465
193,India,18,Assam,2016,"Financial Year (Apr - Mar), 2016",9400,15500,7200,43200,2209,7930,43.4,56.0,42.2,102300,4440,465
194,India,18,Assam,2017,"Financial Year (Apr - Mar), 2017",10500,18200,8400,48754,2306,8540,42.1,52.9,40.3,120976,4520,479
195,India,18,Assam,2018,"Financial Year (Apr - Mar), 2018",11300,22900,8500,57200,2370,9300,44.0,46.2,42.6,134300,4300,481
196,India,18,Assam,2019,"Financial Year (Apr - Mar), 2019",12080,27327,8744,67360,2404,10148,45.8,40.8,44.3,147091,4140,481
197,India,18,Assam,2020,"Financial Year (Apr - Mar), 2020",12916,31826,8741,72954,2957,11113,44.4,36.4,43.0,164299,4044,482
198,India,18,Assam,2021,"Financial Year (Apr - Mar), 2021",12992,37876,8970,83235,3020,11504,48.1,38.3,46.7,173014,4406,482
199,India,19,West Bengal,2011,"Financial Year (Apr - Mar), 2011",15400,27400,91400,200100,5678,9800,65.1,45.2,63.7,314200,4400,886
200,India,19,West Bengal,2012,"Financial Year (Apr - Mar), 2012",18700,26200,117100,238800,6061,10900,65.1,48.3,63.8,373900,5200,905
201,India,19,West Bengal,2013,"Financial Year (Apr - Mar), 2013",21000,31300,137600,270100,6402,12200,63.3,49.1,62.0,435600,6000,907
202,India,19,West Bengal,2014,"Financial Year (Apr - Mar), 2014",26200,36500,157100,295900,6931,13800,63.9,50.0,61.6,480100,6900,907
203,India,19,West Bengal,2015,"Financial Year (Apr - Mar), 2015",24000,38600,173200,320100,7327,15400,60.3,50.0,57.8,553700,7700,925
204,India,19,West Bengal,2016,"Financial Year (Apr - Mar), 2016",29500,46200,174900,335800,7660,17470,57.3,49.6,55.1,609900,8670,959
205,India,19,West Bengal,2017,"Financial Year (Apr - Mar), 2017",28300,54400,175200,343079,7903,20660,52.5,44.5,50.3,682175,9200,961
206,India,19,West Bengal,2018,"Financial Year (Apr - Mar), 2018",33900,66000,171900,367300,7988,22000,53.8,45.0,51.1,718600,9900,961
207,India,19,West Bengal,2019,"Financial Year (Apr - Mar), 2019",38993,77492,159487,403677,8170,23652,51.9,45.5,49.5,779291,10755,972
208,India,19,West Bengal,2020,"Financial Year (Apr - Mar), 2020",41785,92689,161541,429211,9251,25233,51.8,44.6,49.3,827832,11247,980
209,India,19,West Bengal,2021,"Financial Year (Apr - Mar), 2021",46372,107044,141557,437348,9379,26606,49.2,47.4,46.5,889011,12599,980
210,India,20,Jharkhand,2011,"Financial Year (Apr - Mar), 2011",2600,8200,8700,26000,1984,3500,35.6,31.7,34.4,75500,1100,413
211,India,20,Jharkhand,2012,"Financial Year (Apr - Mar), 2012",3300,8900,9700,29800,2180,3700,34.3,35.0,33.9,87900,1300,416
212,India,20,Jharkhand,2013,"Financial Year (Apr - Mar), 2013",4600,10200,13400,33400,2368,4000,35.8,37.1,32.1,104100,1500,417
213,India,20,Jharkhand,2014,"Financial Year (Apr - Mar), 2014",5600,11400,12900,38200,2582,4200,33.0,39.7,31.8,120300,1700,433
214,India,20,Jharkhand,2015,"Financial Year (Apr - Mar), 2015",6000,13100,13000,42000,2763,4700,30.6,40.4,29.6,142100,1900,433
215,India,20,Jharkhand,2016,"Financial Year (Apr - Mar), 2016",6100,15900,13900,47100,2840,5370,30.7,40.4,29.6,159600,2170,449
216,India,20,Jharkhand,2017,"Financial Year (Apr - Mar), 2017",6800,17900,15000,49963,2910,6480,29.1,36.3,27.1,184172,2350,441
217,India,20,Jharkhand,2018,"Financial Year (Apr - Mar), 2018",7200,20400,13600,54300,2954,6800,30.6,36.8,27.7,195700,2500,442
218,India,20,Jharkhand,2019,"Financial Year (Apr - Mar), 2019",7699,23594,13294,63245,3051,7069,28.9,38.3,27.7,218585,2709,453
219,India,20,Jharkhand,2020,"Financial Year (Apr - Mar), 2020",9170,27517,13736,71055,3169,7588,30.4,40.9,28.5,234106,3100,452
220,India,20,Jharkhand,2021,"Financial Year (Apr - Mar), 2021",10390,32569,15048,80679,3190,8174,31.5,42.2,29.8,256070,3450,452
221,India,21,Odisha,2011,"Financial Year (Apr - Mar), 2011",10400,12600,18400,54000,3029,8900,55.7,54.4,52.5,102800,4800,874
222,India,21,Odisha,2012,"Financial Year (Apr - Mar), 2012",10000,13800,21000,58800,3319,9700,50.6,58.2,47.3,124500,5600,875
223,India,21,Odisha,2013,"Financial Year (Apr - Mar), 2013",11300,15300,26300,66200,3558,10100,50.9,61.1,46.3,142800,6100,884
224,India,21,Odisha,2014,"Financial Year (Apr - Mar), 2014",14200,16700,24700,73300,3995,11100,46.2,59.8,44.6,164600,6600,884
225,India,21,Odisha,2015,"Financial Year (Apr - Mar), 2015",16900,18700,26600,79700,4410,11700,43.9,59.8,41.9,190100,7000,934
226,India,21,Odisha,2016,"Financial Year (Apr - Mar), 2016",18000,21300,26600,85400,4567,13140,43.3,56.2,40.8,209200,7380,961
227,India,21,Odisha,2017,"Financial Year (Apr - Mar), 2017",17100,24600,29000,93366,4748,15080,40.5,49.6,38.1,245281,7480,990
228,India,21,Odisha,2018,"Financial Year (Apr - Mar), 2018",18000,29600,28400,101000,4839,16200,40.5,48.1,37.6,268900,7800,999
229,India,21,Odisha,2019,"Financial Year (Apr - Mar), 2019",19466,33897,32662,127646,4914,17736,41.2,43.6,38.7,309554,7729,994
230,India,21,Odisha,2020,"Financial Year (Apr - Mar), 2020",20514,39791,35731,143879,5223,19552,42.2,41.0,39.5,341140,8018,994
231,India,21,Odisha,2021,"Financial Year (Apr - Mar), 2021",23978,47767,31270,155954,5289,20832,42.9,41.3,39.5,363567,8606,994
232,India,22,Chhattisgarh,2011,"Financial Year (Apr - Mar), 2011",7400,6600,12100,29700,1423,4400,56.1,32.5,52.3,56800,1400,456
233,India,22,Chhattisgarh,2012,"Financial Year (Apr - Mar), 2012",7100,7300,14000,36600,1597,5100,56.1,33.0,53.6,68300,1700,467
234,India,22,Chhattisgarh,2013,"Financial Year (Apr - Mar), 2013",10300,10100,18500,44600,1818,5900,61.0,33.7,53.8,82900,2000,499
235,India,22,Chhattisgarh,2014,"Financial Year (Apr - Mar), 2014",8900,11000,20500,52600,2062,6600,61.5,31.8,59.5,88500,2100,566
236,India,22,Chhattisgarh,2015,"Financial Year (Apr - Mar), 2015",10700,12600,23100,61100,2253,7400,63.4,31.1,61.6,99200,2300,583
237,India,22,Chhattisgarh,2016,"Financial Year (Apr - Mar), 2016",10800,15700,25000,66400,2346,8150,66.3,31.2,63.5,104600,2540,586
238,India,22,Chhattisgarh,2017,"Financial Year (Apr - Mar), 2017",11700,18500,25800,74179,2443,9080,65.0,29.0,62.4,118872,2630,597
239,India,22,Chhattisgarh,2018,"Financial Year (Apr - Mar), 2018",10400,22600,29100,83700,2516,9700,65.9,28.9,63.2,132400,2800,618
240,India,22,Chhattisgarh,2019,"Financial Year (Apr - Mar), 2019",13047,26673,25492,94404,2634,10518,66.2,29.0,63.3,142656,3048,624
241,India,22,Chhattisgarh,2020,"Financial Year (Apr - Mar), 2020",15572,32621,25707,104647,2823,11332,65.2,31.0,62.4,160542,3511,624
242,India,22,Chhattisgarh,2021,"Financial Year (Apr - Mar), 2021",13470,38233,29508,115659,2844,12472,66.8,35.7,62.7,173217,4452,624
243,India,23,Madhya Pradesh,2011,"Financial Year (Apr - Mar), 2011",21100,17400,25700,76800,4453,10100,60.1,52.1,55.6,138100,5300,1094
244,India,23,Madhya Pradesh,2012,"Financial Year (Apr - Mar), 2012",27000,20500,29800,94500,4805,11200,60.7,53.1,56.6,166900,5900,1106
245,India,23,Madhya Pradesh,2013,"Financial Year (Apr - Mar), 2013",29200,21800,34700,115700,5085,12700,57.4,56.1,58.2,198600,7100,1127
246,India,23,Madhya Pradesh,2014,"Financial Year (Apr - Mar), 2014",39700,28800,35800,135800,5601,14200,63.3,56.3,60.4,224900,8000,1200
247,India,23,Madhya Pradesh,2015,"Financial Year (Apr - Mar), 2015",46400,34400,38200,153000,5997,15000,57.6,61.3,54.8,279300,9200,1234
248,India,23,Madhya Pradesh,2016,"Financial Year (Apr - Mar), 2016",50500,41400,39300,172900,6209,16900,63.5,61.8,61.2,282500,10440,1294
249,India,23,Madhya Pradesh,2017,"Financial Year (Apr - Mar), 2017",56800,48100,40800,190639,6411,19540,63.4,56.1,60.9,313014,10960,1327
250,India,23,Madhya Pradesh,2018,"Financial Year (Apr - Mar), 2018",65900,57500,46600,222100,6581,19900,67.7,58.3,65.1,341400,11600,1339
251,India,23,Madhya Pradesh,2019,"Financial Year (Apr - Mar), 2019",71856,65350,51987,262105,6747,21685,71.0,54.8,67.9,368951,11889,1335
252,India,23,Madhya Pradesh,2020,"Financial Year (Apr - Mar), 2020",73320,79731,52487,285989,7234,23174,72.1,52.5,69.2,396779,12161,1343
253,India,23,Madhya Pradesh,2021,"Financial Year (Apr - Mar), 2021",81506,90865,57421,320452,7248,25195,70.7,53.0,67.9,453372,13362,1343
254,India,24,Gujarat,2011,"Financial Year (Apr - Mar), 2011",20500,29500,105500,171700,5073,4600,74.4,44.3,66.2,259500,2000,447
255,India,24,Gujarat,2012,"Financial Year (Apr - Mar), 2012",26700,33900,129200,213400,5548,5400,78.1,46.2,70.4,303100,2500,476
256,India,24,Gujarat,2013,"Financial Year (Apr - Mar), 2013",31200,43300,158800,261300,6084,6100,81.5,52.2,72.8,358800,3200,519
257,India,24,Gujarat,2014,"Financial Year (Apr - Mar), 2014",34100,52800,182900,309800,6743,7100,81.0,53.7,74.7,414800,3800,581
258,India,24,Gujarat,2015,"Financial Year (Apr - Mar), 2015",38200,62400,205100,347100,7241,8100,79.0,54.3,72.7,477800,4400,640
259,India,24,Gujarat,2016,"Financial Year (Apr - Mar), 2016",44800,79700,224400,390700,7432,9410,82.4,56.3,75.4,518400,5300,695
260,India,24,Gujarat,2017,"Financial Year (Apr - Mar), 2017",50600,94400,220400,415846,7697,11790,75.2,53.9,68.9,603973,6350,736
261,India,24,Gujarat,2018,"Financial Year (Apr - Mar), 2018",57100,119900,235100,483900,7922,12600,82.2,59.5,75.6,640400,7500,752
262,India,24,Gujarat,2019,"Financial Year (Apr - Mar), 2019",60944,141871,255137,591533,8150,13964,87.6,61.7,78.8,674922,8614,761
263,India,24,Gujarat,2020,"Financial Year (Apr - Mar), 2020",63349,170900,250566,611499,8626,15268,82.8,61.5,74.8,738912,9389,756
264,India,24,Gujarat,2021,"Financial Year (Apr - Mar), 2021",70723,195114,255167,659772,8582,16974,79.5,61.7,69.9,830161,10468,762
265,India,27,Maharashtra,2011,"Financial Year (Apr - Mar), 2011",37600,121300,465700,1206600,8816,4700,75.0,52.9,83.0,1453300,2500,583
266,India,27,Maharashtra,2012,"Financial Year (Apr - Mar), 2012",44000,135800,542000,1404700,9608,5600,82.5,59.5,91.8,1529900,3300,630
267,India,27,Maharashtra,2013,"Financial Year (Apr - Mar), 2013",61300,148600,646000,1590900,10272,6200,80.8,68.9,89.4,1778900,4300,650
268,India,27,Maharashtra,2014,"Financial Year (Apr - Mar), 2014",71800,181300,740600,1821200,11203,7100,81.3,70.3,89.8,2028800,5000,680
269,India,27,Maharashtra,2015,"Financial Year (Apr - Mar), 2015",74800,201300,784600,1977300,11810,8400,82.7,70.2,92.0,2150000,5900,699
270,India,27,Maharashtra,2016,"Financial Year (Apr - Mar), 2016",87000,241600,872600,2244200,12058,9320,91.4,75.0,102.9,2181700,6990,711
271,India,27,Maharashtra,2017,"Financial Year (Apr - Mar), 2017",98000,295200,894000,2327351,12392,10620,94.0,73.1,106.0,2195511,7760,727
272,India,27,Maharashtra,2018,"Financial Year (Apr - Mar), 2018",92700,338200,853700,2450200,12462,12200,94.1,59.0,106.9,2292800,7200,741
273,India,27,Maharashtra,2019,"Financial Year (Apr - Mar), 2019",128432,385523,875556,2426920,12943,13610,93.0,63.3,105.2,2607845,8615,747
274,India,27,Maharashtra,2020,"Financial Year (Apr - Mar), 2020",96250,470361,884126,2511092,13578,15649,89.4,54.0,102.0,2807751,8454,750
275,India,27,Maharashtra,2021,"Financial Year (Apr - Mar), 2021",102900,525366,803067,2504795,13648,18253,79.2,55.4,92.5,3163108,10119,748
276,India,28,Andhra Pradesh,2011,"Financial Year (Apr - Mar), 2011",34514.680517345437200,41382.25724504753603783600,76727.15967955697545825400,188271.68593639190616647200,4437.74886122174072723026,7971.65295372020524241600,114.9,100.4,109.7,171566.38379072824076876200,7971.65295372020524241600,786.02842727491141397646
277,India,28,Andhra Pradesh,2012,"Financial Year (Apr - Mar), 2012",45286.419044817624300,45661.15919814735208707400,92963.54106323709937111600,225199.19594259579809825200,4884.39588701106399154798,8968.10957293523089771800,119.8,109.8,111.3,202339.30879589815071191200,9847.33600165437118180800,822.36978632863587905218
278,India,28,Andhra Pradesh,2013,"Financial Year (Apr - Mar), 2013",54309.864931705320300,53750.04234236344270070200,104452.09973183386574989200,258316.72475768341546564200,5331.04291280038725586570,10199.02657314202729544400,116.0,118.1,112.0,230591.78470540652517400400,12074.70962107619323483600,876.88182490922257666576
279,India,28,Andhra Pradesh,2014,"Financial Year (Apr - Mar), 2014",66660.706489382854200,62307.84624856307479917800,114592.51120972795035973000,287682.88747690270095424800,5802.89442954632587499400,11957.47943058030786362400,115.9,116.4,111.3,258492.57004342724352246000,13950.39266901035917422800,897.39710824600251662786
280,India,28,Andhra Pradesh,2015,"Financial Year (Apr - Mar), 2015",78200,51600,38300,198600,6290,15300,108.3,100.7,105.3,193300,15400,1015
281,India,28,Andhra Pradesh,2016,"Financial Year (Apr - Mar), 2016",82100,61800,44000,222900,6567,19050,109.6,90.8,106.0,210200,17290,1098
282,India,28,Andhra Pradesh,2017,"Financial Year (Apr - Mar), 2017",89800,72100,49900,252040,6839,23150,104.4,86.7,101.1,249229,20080,1171
283,India,28,Andhra Pradesh,2018,"Financial Year (Apr - Mar), 2018",106000,87800,55400,309200,6935,26200,114.1,93.5,112.6,274600,24500,1231
284,India,28,Andhra Pradesh,2019,"Financial Year (Apr - Mar), 2019",123985,105859,67698,373572,7087,29074,124.3,100.0,121.6,300452,29062,1263
285,India,28,Andhra Pradesh,2020,"Financial Year (Apr - Mar), 2020",130732,124296,76779,418830,7252,32890,128.9,97.0,125.3,324873,31908,1291
286,India,28,Andhra Pradesh,2021,"Financial Year (Apr - Mar), 2021",158371,146843,80857,486536,7431,37396,135.2,102.3,131.5,359770,38244,1297
287,India,29,Karnataka,2011,"Financial Year (Apr - Mar), 2011",37000,61300,90900,252600,6518,,76.3,81.3,72.7,347400,11300,1213
288,India,29,Karnataka,2012,"Financial Year (Apr - Mar), 2012",45200,71800,105900,292800,7137,,74.7,87.0,71.4,410100,13100,1272
289,India,29,Karnataka,2013,"Financial Year (Apr - Mar), 2013",54300,86400,125000,332300,7797,,76.5,85.5,71.9,462200,15100,1325
290,India,29,Karnataka,2014,"Financial Year (Apr - Mar), 2014",73400,99300,140800,381400,8625,,76.5,85.0,71.0,536900,18100,1472
291,India,29,Karnataka,2015,"Financial Year (Apr - Mar), 2015",76300,120900,155500,429200,9365,10700,72.6,85.8,67.7,634300,21700,1621
292,India,29,Karnataka,2016,"Financial Year (Apr - Mar), 2016",87600,142600,159600,488100,9640,12630,75.4,81.4,70.1,696000,24980,1652
293,India,29,Karnataka,2017,"Financial Year (Apr - Mar), 2017",92200,166400,159500,524756,10037,15510,71.2,76.9,67.0,783250,27770,1742
294,India,29,Karnataka,2018,"Financial Year (Apr - Mar), 2018",100900,194500,169500,582500,10041,16700,75.7,87.4,69.7,835700,31100,1778
295,India,29,Karnataka,2019,"Financial Year (Apr - Mar), 2019",101310,215308,183803,701678,10285,17462,75.1,85.9,69.7,934364,32759,1791
296,India,29,Karnataka,2020,"Financial Year (Apr - Mar), 2020",103972,248512,175728,741838,10778,19410,69.9,81.1,65.2,1061242,32939,1787
297,India,29,Karnataka,2021,"Financial Year (Apr - Mar), 2021",121196,273734,178391,793376,10875,20712,63.2,84.6,59.8,1256023,36731,1770
298,India,30,Goa,2011,"Financial Year (Apr - Mar), 2011",500,3200,3600,9200,470,,31.1,,29.1,31600,,
299,India,30,Goa,2012,"Financial Year (Apr - Mar), 2012",400,3500,4200,10200,521,,30.1,,28.1,36500,,
300,India,30,Goa,2013,"Financial Year (Apr - Mar), 2013",700,4200,3400,11500,570,,29.5,,28.8,39800,,
301,India,30,Goa,2014,"Financial Year (Apr - Mar), 2014",1000,4800,4300,12900,632,,30.2,,28.7,45100,,
302,India,30,Goa,2015,"Financial Year (Apr - Mar), 2015",800,5700,4100,13700,670,,28.2,,26.7,51500,,
303,India,30,Goa,2016,"Financial Year (Apr - Mar), 2016",700,6300,4700,15100,670,,29.0,,27.1,55900,,
304,India,30,Goa,2017,"Financial Year (Apr - Mar), 2017",700,7200,4600,15856,686,,27.6,,25.7,61693,,
305,India,30,Goa,2018,"Financial Year (Apr - Mar), 2018",700,8600,4600,17400,684,,28.1,,26.7,65300,,
306,India,30,Goa,2019,"Financial Year (Apr - Mar), 2019",732,9443,4521,19416,697,,27.3,,26.4,71135,,
307,India,30,Goa,2020,"Financial Year (Apr - Mar), 2020",843,10590,3972,20146,697,,26.3,,25.1,76533,,
308,India,30,Goa,2021,"Financial Year (Apr - Mar), 2021",1139,11450,3889,22166,687,,25.8,,24.5,85771,,
309,India,31,Lakshadweep,2011,"Financial Year (Apr - Mar), 2011",0,0,0,0,12,2800,8.8,,8.7,500,,
310,India,31,Lakshadweep,2012,"Financial Year (Apr - Mar), 2012",0,,0,100,12,3400,9.6,,9.7,600,,
311,India,31,Lakshadweep,2013,"Financial Year (Apr - Mar), 2013",0,,0,100,12,3900,9.9,,9.9,600,,
312,India,31,Lakshadweep,2014,"Financial Year (Apr - Mar), 2014",0,,0,100,13,4600,8.6,,8.6,700,,
313,India,31,Lakshadweep,2015,"Financial Year (Apr - Mar), 2015",0,,0,100,13,5800,9.1,,9.1,800,,
314,India,31,Lakshadweep,2016,"Financial Year (Apr - Mar), 2016",0,,0,0,13,7000,10.5,,10.5,700,,
315,India,31,Lakshadweep,2017,"Financial Year (Apr - Mar), 2017",0,100,0,80,13,8870,8.4,,8.4,961,,
316,India,31,Lakshadweep,2018,"Financial Year (Apr - Mar), 2018",0,,0,100,13,10000,7.1,,8.3,1000,,
317,India,31,Lakshadweep,2019,"Financial Year (Apr - Mar), 2019",14,53,10,90,13,11226,8.2,,8.1,1096,,
318,India,31,Lakshadweep,2020,"Financial Year (Apr - Mar), 2020",12,60,10,97,13,12440,8.7,,8.7,1115,,
319,India,31,Lakshadweep,2021,"Financial Year (Apr - Mar), 2021",10,62,4,97,21,14830,7.9,,7.8,1239,,
320,India,32,Kerala,2011,"Financial Year (Apr - Mar), 2011",23200,44700,16500,125000,4690,13900,73.8,115.4,73.1,170900,5600,404
321,India,32,Kerala,2012,"Financial Year (Apr - Mar), 2012",28900,50300,18400,153200,5006,15000,75.7,111.2,76.4,200600,6100,404
322,India,32,Kerala,2013,"Financial Year (Apr - Mar), 2013",35400,61400,24300,173100,5430,17700,74.0,110.9,73.1,236700,7600,496
323,India,32,Kerala,2014,"Financial Year (Apr - Mar), 2014",40900,66300,28600,190600,5858,21300,67.8,118.1,67.7,281600,9000,509
324,India,32,Kerala,2015,"Financial Year (Apr - Mar), 2015",54400,67700,30900,212200,6190,25300,65.4,123.8,64.6,328400,10400,558
325,India,32,Kerala,2016,"Financial Year (Apr - Mar), 2016",51300,77600,33500,227300,6299,30680,63.0,115.4,62.1,366100,11920,589
326,India,32,Kerala,2017,"Financial Year (Apr - Mar), 2017",53200,91100,35200,245827,6452,36100,61.2,113.2,59.8,411408,13740,614
327,India,32,Kerala,2018,"Financial Year (Apr - Mar), 2018",65800,102600,36200,282000,6382,35600,65.5,128.3,63.8,441900,16300,626
328,India,32,Kerala,2019,"Financial Year (Apr - Mar), 2019",74607,117539,39308,334847,6622,38116,67.5,121.1,65.9,495762,17895,645
329,India,32,Kerala,2020,"Financial Year (Apr - Mar), 2020",80291,132779,42480,360892,6801,40599,66.2,108.9,65.0,545024,17910,645
330,India,32,Kerala,2021,"Financial Year (Apr - Mar), 2021",81895,148016,43919,388732,6869,43401,64.0,101.1,62.3,607649,18456,645
331,India,33,Tamil Nadu,2011,"Financial Year (Apr - Mar), 2011",56600,75800,165500,394100,6864,4800,119.4,120.9,115.1,342300,3400,298
332,India,33,Tamil Nadu,2012,"Financial Year (Apr - Mar), 2012",74800,89200,186400,466200,7641,5500,119.5,128.8,116.9,398900,4300,336
333,India,33,Tamil Nadu,2013,"Financial Year (Apr - Mar), 2013",90600,111100,209200,549300,8245,6800,122.2,133.5,123.3,445500,5300,346
334,India,33,Tamil Nadu,2014,"Financial Year (Apr - Mar), 2014",109200,112200,227700,608700,9090,7700,120.6,123.0,121.8,500000,5600,372
335,India,33,Tamil Nadu,2015,"Financial Year (Apr - Mar), 2015",115100,128000,236100,649200,9847,8400,117.5,106.9,119.0,545300,6200,448
336,India,33,Tamil Nadu,2016,"Financial Year (Apr - Mar), 2016",116800,137600,238100,682000,10164,10330,112.4,96.6,113.7,600000,6760,485
337,India,33,Tamil Nadu,2017,"Financial Year (Apr - Mar), 2017",124100,156200,232000,707383,10487,12140,103.8,86.9,105.8,668507,7710,558
338,India,33,Tamil Nadu,2018,"Financial Year (Apr - Mar), 2018",144300,184500,240100,813600,10851,12700,110.8,93.0,113.5,716700,9300,617
339,India,33,Tamil Nadu,2019,"Financial Year (Apr - Mar), 2019",163840,203821,251063,891030,11206,14774,111.6,100.1,110.3,798738,11242,636
340,India,33,Tamil Nadu,2020,"Financial Year (Apr - Mar), 2020",182990,234074,258414,981665,11829,16442,109.2,98.3,107.5,899038,12229,646
341,India,33,Tamil Nadu,2021,"Financial Year (Apr - Mar), 2021",223007,260647,247712,1046952,12028,18261,103.8,105.6,101.7,1008731,15659,652
342,India,34,Puducherry,2011,"Financial Year (Apr - Mar), 2011",700,1600,700,4300,159,100,63.7,106.5,62.7,6900,100,25
343,India,34,Puducherry,2012,"Financial Year (Apr - Mar), 2012",1000,1900,900,5500,171,100,69.9,120.0,71.5,7700,200,25
344,India,34,Puducherry,2013,"Financial Year (Apr - Mar), 2013",1300,2500,1100,6900,187,200,80.4,117.6,83.3,8200,200,27
345,India,34,Puducherry,2014,"Financial Year (Apr - Mar), 2014",1600,2800,1300,7300,205,300,80.8,110.0,77.9,9400,300,31
346,India,34,Puducherry,2015,"Financial Year (Apr - Mar), 2015",1800,3000,1300,7900,228,400,74.4,100.0,71.5,11100,400,33
347,India,34,Puducherry,2016,"Financial Year (Apr - Mar), 2016",1700,3300,1400,8500,234,450,69.4,95.6,67.1,12600,430,36
348,India,34,Puducherry,2017,"Financial Year (Apr - Mar), 2017",2100,3700,1500,9336,241,540,66.3,85.2,63.9,14606,460,37
349,India,34,Puducherry,2018,"Financial Year (Apr - Mar), 2018",2300,4300,1500,10400,245,700,66.8,71.4,63.8,16200,500,37
350,India,34,Puducherry,2019,"Financial Year (Apr - Mar), 2019",2611,4595,1518,12363,253,598,69.4,104.7,66.7,17818,626,43
351,India,34,Puducherry,2020,"Financial Year (Apr - Mar), 2020",2805,5233,1387,13322,267,804,66.5,84.9,64.0,20043,683,43
352,India,34,Puducherry,2021,"Financial Year (Apr - Mar), 2021",3637,5906,1458,14885,268,895,67.2,93.4,64.8,22138,836,44
353,India,35,Andaman And Nicobar Islands,2011,"Financial Year (Apr - Mar), 2011",0,400,100,700,42,,39.1,,38.1,1800,,
354,India,35,Andaman And Nicobar Islands,2012,"Financial Year (Apr - Mar), 2012",0,400,100,800,46,,41.6,,38.5,2000,,
355,India,35,Andaman And Nicobar Islands,2013,"Financial Year (Apr - Mar), 2013",0,400,100,900,53,,38.9,,38.6,2300,,
356,India,35,Andaman And Nicobar Islands,2014,"Financial Year (Apr - Mar), 2014",100,500,100,1000,59,,38.5,,39.1,2600,,
357,India,35,Andaman And Nicobar Islands,2015,"Financial Year (Apr - Mar), 2015",100,600,100,1200,61,,39.3,,40.1,2900,,
358,India,35,Andaman And Nicobar Islands,2016,"Financial Year (Apr - Mar), 2016",0,700,100,1400,63,,43.6,,44.2,3200,,
359,India,35,Andaman And Nicobar Islands,2017,"Financial Year (Apr - Mar), 2017",100,900,300,1579,67,,42.4,,38.5,4102,,
360,India,35,Andaman And Nicobar Islands,2018,"Financial Year (Apr - Mar), 2018",100,1100,300,1800,69,,42.7,,39.4,4700,,
361,India,35,Andaman And Nicobar Islands,2019,"Financial Year (Apr - Mar), 2019",126,1320,101,2181,69,,42.1,,41.9,5186,0,
362,India,35,Andaman And Nicobar Islands,2020,"Financial Year (Apr - Mar), 2020",132,1519,254,2561,71,,44.1,,41.0,5811,,
363,India,35,Andaman And Nicobar Islands,2021,"Financial Year (Apr - Mar), 2021",145,1782,122,2812,72,,46.5,,46.3,6043,,
364,India,36,Telangana,2011,"Financial Year (Apr - Mar), 2011",26685.319482654562800,29217.74275495246396216400,54172.84032044302454174600,132928.31406360809383352800,3133.25113877825927276974,5628.34704627979475758400,114.9,100.4,109.7,121133.61620927175923123800,5628.34704627979475758400,554.97157272508858602354
365,India,36,Telangana,2012,"Financial Year (Apr - Mar), 2012",35013.580955182375700,32238.84080185264791292600,65636.45893676290062888400,159000.80405740420190174800,3448.60411298893600845202,6331.89042706476910228200,119.8,109.8,111.3,142860.69120410184928808800,6952.66399834562881819200,580.63021367136412094782
366,India,36,Telangana,2013,"Financial Year (Apr - Mar), 2013",41990.135068294679700,37949.95765763655729929800,73747.90026816613425010800,182383.27524231658453435800,3763.95708719961274413430,7200.97342685797270455600,116.0,118.1,112.0,162808.21529459347482599600,8525.29037892380676516400,619.11817509077742333424
367,India,36,Telangana,2014,"Financial Year (Apr - Mar), 2014",51539.293510617145800,43992.15375143692520082200,80907.48879027204964027000,203117.11252309729904575200,4097.10557045367412500600,8442.52056941969213637600,115.9,116.4,111.3,182507.42995657275647754000,9849.60733098964082577200,633.60289175399748337214
368,India,36,Telangana,2015,"Financial Year (Apr - Mar), 2015",41300,68700,177800,333500,4721,10700,107.8,102.8,101.6,323500,11000,780
369,India,36,Telangana,2016,"Financial Year (Apr - Mar), 2016",43500,79500,199500,371900,4918,12630,111.5,99.1,104.5,355700,12520,817
370,India,36,Telangana,2017,"Financial Year (Apr - Mar), 2017",47700,90200,202400,395359,5134,15510,103.6,91.7,97.0,407654,14220,866
371,India,36,Telangana,2018,"Financial Year (Apr - Mar), 2018",59000,112300,207700,448600,5148,16700,115.1,98.8,107.4,417800,16500,900
372,India,36,Telangana,2019,"Financial Year (Apr - Mar), 2019",70594,137137,192283,518518,5227,17462,113.1,110.6,106.3,458581,19316,911
373,India,36,Telangana,2020,"Financial Year (Apr - Mar), 2020",67321,170189,184111,550411,5388,19410,110.5,117.6,103.6,498184,22835,917
374,India,36,Telangana,2021,"Financial Year (Apr - Mar), 2021",79689,201322,183349,601477,5579,20712,99.3,128.0,93.2,605468,26513,934
375,India,37,Ladakh,2011,"Financial Year (Apr - Mar), 2011",34.0775445257891000,104.98010493647310302400,63.42548006578583307700,334.62408448500801588900,22.76756025809760421833,43.74171039019712626000,35.7,35.5,38.1,879.20837884296223782600,15.30959863656899419100,5.68642235072562641380
376,India,37,Ladakh,2012,"Financial Year (Apr - Mar), 2012",38.9457651723304000,124.66387461206180984100,65.61256558529568939000,369.61745279716571689700,26.20128452372807862974,50.30296694872669519900,34.1,38.8,33.8,1093.54275975492815650000,19.68376967558870681700,5.75203491631092210319
377,India,37,Ladakh,2013,"Financial Year (Apr - Mar), 2013",68.1550890515782000,157.47015740470965453600,89.67050629990410883300,478.97172877265853254700,29.83184648611444010932,56.86422350725626413800,37.2,39.6,36.9,1299.12879858885464992200,21.87085519509856313000,5.81764748189621779258
378,India,37,Ladakh,2014,"Financial Year (Apr - Mar), 2014",102.2326335773673000,190.27644019735749923100,113.72844701451252827600,583.95183370913163557100,33.57176272447629440455,63.42548006578583307700,40.4,43.6,40.1,1456.59895599356430445800,28.43211175362813206900,5.97074346826190773449
379,India,37,Ladakh,2015,"Financial Year (Apr - Mar), 2015",129.0078471333444500,231.83106506804476917800,131.22513117059137878000,680.18359656756531334300,35.73697738879105215442,67.79965110480554570300,42.5,45.2,42.2,1611.88202787876410268100,30.61919727313798838200,6.01448517865210486075
380,India,37,Ladakh,2016,"Financial Year (Apr - Mar), 2016",133.8760677798857500,290.88237409481088962900,137.78638772912094771900,774.22827390648913480200,37.31167896283814869978,78.95378725430581289930,44.7,47.9,44.2,1756.22967216641461933900,37.83657948752051421490,7.12989879360213158038
381,India,37,Ladakh,2017,"Financial Year (Apr - Mar), 2017",136.3101781031564000,323.68865688745873432400,137.78638772912094771900,813.46458812649595705722,38.07715889466659840933,88.13954643624720941390,40.4,42.4,39.8,2041.55684904167047393298,37.39916238361854295230,7.17364050399232870664
382,India,37,Ladakh,2018,"Financial Year (Apr - Mar), 2018",153.3489503660509500,415.54624870687269947000,172.77975604127864872700,975.44014170139591559800,38.99573481286073806079,100.60593389745339039800,43.6,43.5,42.9,2274.56894029025056552000,43.74171039019712626000,7.87350787023548272680
383,India,37,Ladakh,2019,"Financial Year (Apr - Mar), 2019",167.7832245830459045,541.32553693388453603063,193.16339308311050956416,1187.19376170034020382266,40.02366500703037052790,106.31422710337411537493,46.0,47.6,45.5,2583.42915735543247404186,50.63102977665317364595,7.50170333191880715359
384,India,37,Ladakh,2020,"Financial Year (Apr - Mar), 2020",254,1054,128,1812,68,16,36.6,128.2,36.1,4955,21,2
385,India,37,Ladakh,2021,"Financial Year (Apr - Mar), 2021",269,1342,157,2181,75,16,35.4,136.4,34.9,6161,22,2
386,India,38,The Dadra And Nagar Haveli And Daman And Diu,2011,"Financial Year (Apr - Mar), 2011",0,200.00000000000000000000,1100.00000000000000000000,800.00000000000000000000,58.00000000000000000000,,51.061177328453921588688,,29.205314026945801729620,2900.00000000000000000000,,
387,India,38,The Dadra And Nagar Haveli And Daman And Diu,2012,"Financial Year (Apr - Mar), 2012",0,300.00000000000000000000,1200.00000000000000000000,900.00000000000000000000,74.00000000000000000000,,49.434954408848363420804,,24.836850973497161627124,3700.00000000000000000000,,
388,India,38,The Dadra And Nagar Haveli And Daman And Diu,2013,"Financial Year (Apr - Mar), 2013",0,300.00000000000000000000,1400.00000000000000000000,1200.00000000000000000000,87.00000000000000000000,,49.483607118761883343932,,29.640418702594402306160,4500.00000000000000000000,,
389,India,38,The Dadra And Nagar Haveli And Daman And Diu,2014,"Financial Year (Apr - Mar), 2014",0,500.00000000000000000000,1400.00000000000000000000,1600.00000000000000000000,95.00000000000000000000,,45.067439637724122421468,,32.967439637724122421468,5300.00000000000000000000,,
390,India,38,The Dadra And Nagar Haveli And Daman And Diu,2015,"Financial Year (Apr - Mar), 2015",0,500.00000000000000000000,1000.00000000000000000000,1800.00000000000000000000,100.00000000000000000000,,35.122504923708080333112,,30.741366984918801409320,6000.00000000000000000000,,
391,India,38,The Dadra And Nagar Haveli And Daman And Diu,2016,"Financial Year (Apr - Mar), 2016",0,600.00000000000000000000,1000.00000000000000000000,1900.00000000000000000000,101.00000000000000000000,,35.641366984918801409320,,30.453966736859321652748,6700.00000000000000000000,,
392,India,38,The Dadra And Nagar Haveli And Daman And Diu,2017,"Financial Year (Apr - Mar), 2017",100,900.00000000000000000000,1500.00000000000000000000,2316.00000000000000000000,105.00000000000000000000,,38.930588664226960794344,,31.112524618540401665560,7882.00000000000000000000,,
393,India,38,The Dadra And Nagar Haveli And Daman And Diu,2018,"Financial Year (Apr - Mar), 2018",100,1300.00000000000000000000,1600.00000000000000000000,3000.00000000000000000000,106.00000000000000000000,,45.097155153026802690520,,36.869261068972802049920,8500.00000000000000000000,,
394,India,38,The Dadra And Nagar Haveli And Daman And Diu,2019,"Financial Year (Apr - Mar), 2019",100,1599.00000000000000000000,1811.00000000000000000000,4199.00000000000000000000,106.00000000000000000000,,51.927668683853644906996,,43.874575095918603779540,9049.00000000000000000000,,
395,India,38,The Dadra And Nagar Haveli And Daman And Diu,2020,"Financial Year (Apr - Mar), 2020",95,1948.00000000000000000000,2700.00000000000000000000,6458.00000000000000000000,110.00000000000000000000,,37.886949447658768289364,,26.175373111442765726964,9979.00000000000000000000,,
396,India,38,The Dadra And Nagar Haveli And Daman And Diu,2021,"Financial Year (Apr - Mar), 2021",109,2108.00000000000000000000,3039.00000000000000000000,6066.00000000000000000000,104.00000000000000000000,,30.684330000885926713488,,20.670932233421244522636,11586.00000000000000000000,,
